Lillian Martinez
ITSE-1345 
Lab 2 
-----------------------------------------------------------------------------

DROP SEQUENCE seq_list#;
DROP TABLE theatre;
DROP SEQUENCE seq_stu_id#;
DROP TABLE student;
DROP TABLE course;
DROP TABLE student_course;
DROP TABLE temp_table;

/*
Problem 1:
Create an Anonymous block. Declare a Sequence Number named list#, a
constant named C_XYZ that is Number(10), an Binary Integer named V_Counter1, 
a variable named V_Row_number based on the column Row in the Theater Table 
(you will have to create the table and the row), and a character string named 
String A that is up to 50 characters long. 
*/

CREATE SEQUENCE seq_list#
        START WITH 1
	INCREMENT BY 1
	NOCACHE
	NOCYCLE;

CREATE TABLE theatre (
	row_id NUMBER(4)
);

DECLARE
	list# number := seq_list#.nextval;
	c_xyz CONSTANT NUMBER(10) := 1000;
	v_counter1 BINARY_INTEGER;
	v_row_number theatre.row_id%TYPE;
	v_string_a VARCHAR2(50);
BEGIN
	NULL;
END;

Sequence SEQ_LIST# created.
Table THEATRE created.
PL/SQL procedure successfully completed.

-----------------------------------------------------------------------------
/*
Problem 2:
Create an Anonymous block that Creates and Inserts data into the Student, 
Course and Student/Course composite tables using the Create and Insert 
commands. You will find the table description attached. 
Create tables, then insert data.
*/

SET DEFINE OFF	-- Enables the insertion of the '&' character in course table

CREATE SEQUENCE seq_stu_id# -- Create sequence for student id #
	START WITH 10011
	INCREMENT BY 1
	NOCACHE
	NOCYCLE;
	

BEGIN
EXECUTE IMMEDIATE	
'CREATE TABLE student (
	stu_id NUMBER(5) PRIMARY KEY,
	lname VARCHAR2(20),
	fname VARCHAR2(20),
	mi CHAR(1),
	sex CHAR(1),
	major VARCHAR2(30),
	home_state CHAR(2)
)';

EXECUTE IMMEDIATE
'CREATE TABLE course (
	course_id VARCHAR2(10),
	section NUMBER(3),
	c_name VARCHAR2(30),
	c_description VARCHAR2(30)
)';

EXECUTE IMMEDIATE
'CREATE TABLE student_course (
	stu_id NUMBER(5),
	course_id VARCHAR2(10),
	section NUMBER(3)
)';

END;

Sequence SEQ_STU_ID# created.
Table STUDENT created.
Table COURSE created.
Table STUDENT_COURSE created.


/*
Use sequences to use next value and current value for student id # 
with each student simutaneously inputing information in both the student table
and the student course table
*/

-- Student and student course table
BEGIN
-- Student #1
INSERT INTO student(stu_id, lname, fname, mi, sex, major, home_state)
	VALUES(seq_stu_id#.NEXTVAL, 'Smith', 'Peter', 'M', 'M', 'Math', 'TX');
INSERT INTO student_course(stu_id, course_id, section)
	VALUES(seq_stu_id#.CURRVAL, 'MATH1101', 001);

-- Student #2
INSERT INTO student(stu_id, lname, fname, mi, sex, major, home_state)
	VALUES(seq_stu_id#.NEXTVAL, 'Jones', 'Sam', 'A', 'M', 'English', 'TX');
INSERT INTO student_course(stu_id, course_id, section)
	VALUES(seq_stu_id#.CURRVAL, 'ENGL2617', 002);

-- Student #3
INSERT INTO student(stu_id, lname, fname, mi, sex, major, home_state)
	VALUES(seq_stu_id#.NEXTVAL, 'Peters', 'Amy', 'A', 'F', 'English', 'ME');
INSERT INTO student_course(stu_id, course_id, section)
	VALUES(seq_stu_id#.CURRVAL, 'ENGL1001', 001);
INSERT INTO student_course(stu_id, course_id, section)
	VALUES(seq_stu_id#.CURRVAL, 'ENGL2617', 002);
INSERT INTO student_course(stu_id, course_id, section)
	VALUES(seq_stu_id#.CURRVAL, 'GEOG1010', 001);
	
-- Student #4
INSERT INTO student(stu_id, lname, fname, mi, sex, major, home_state)
	VALUES(seq_stu_id#.NEXTVAL, 'Johnson', 'John', 'J', 'M', 'CompSci', 'CA');
INSERT INTO student_course(stu_id, course_id, section)
	VALUES(seq_stu_id#.CURRVAL, 'COSC1315', 001);
	
-- Student #5
INSERT INTO student(stu_id, lname, fname, mi, sex, major, home_state)
	VALUES(seq_stu_id#.NEXTVAL, 'Penders', 'Alton', 'P', 'F', 'Math', 'GA');
INSERT INTO student_course(stu_id, course_id, section)
	VALUES(seq_stu_id#.CURRVAL, 'MATH1101', 001);
	
-- Student #6
INSERT INTO student(stu_id, lname, fname, mi, sex, major, home_state)
	VALUES(seq_stu_id#.NEXTVAL, 'Allen', 'Diane', 'J', 'F', 'Geography', 'MN');
INSERT INTO student_course(stu_id, course_id, section)
	VALUES(seq_stu_id#.CURRVAL, 'GEOG1010', 001);
INSERT INTO student_course(stu_id, course_id, section)
	VALUES(seq_stu_id#.CURRVAL, 'GEOG1791', 002);
	
-- Student #7
INSERT INTO student(stu_id, lname, fname, sex, major, home_state)
	VALUES(seq_stu_id#.NEXTVAL, 'Gill', 'Jennifer', 'F', 'CompSci', 'TX');
INSERT INTO student_course(stu_id, course_id, section)
	VALUES(seq_stu_id#.CURRVAL, 'COSC1315', 001);
INSERT INTO student_course(stu_id, course_id, section)
	VALUES(seq_stu_id#.CURRVAL, 'ITSE2309', 001);
	
-- Student #8
INSERT INTO student(stu_id, lname, fname, sex, major, home_state)
	VALUES(seq_stu_id#.NEXTVAL, 'Johns', 'Roberta', 'F', 'CompSci', 'TX');
INSERT INTO student_course(stu_id, course_id, section)
	VALUES(seq_stu_id#.CURRVAL, 'COSC1315', 001);
	
-- Student #9
INSERT INTO student(stu_id, lname, fname, sex, major, home_state)
	VALUES(seq_stu_id#.NEXTVAL, 'Wier', 'Paul', 'M', 'Math', 'AL');
INSERT INTO student_course(stu_id, course_id, section)
	VALUES(seq_stu_id#.CURRVAL, 'ITSE2309', 001);
	
-- Student #10
INSERT INTO student(stu_id, lname, fname, sex, major, home_state)
	VALUES(seq_stu_id#.NEXTVAL, 'Evans', 'Richard', 'M', 'English', 'TX');
INSERT INTO student_course(stu_id, course_id, section)
	VALUES(seq_stu_id#.CURRVAL, 'ENGL2617', 002);
	
-- Course Table
INSERT INTO course(course_id, section, c_name, c_description)
	VALUES('COSC1300', 001, 'Intro to Comp.', 'First Computer Course');
INSERT INTO course(course_id, section, c_name, c_description)
	VALUES('ITSE2309', 001, 'Intro to DBA', 'Database Course');
INSERT INTO course(course_id, section, c_name, c_description)
	VALUES('GEOG1791', 002, 'World Geography', 'Second Geography Course');
INSERT INTO course(course_id, section, c_name, c_description)
	VALUES('COSC1315', 001, 'Intro to Prog.', 'Second Computer Course');
INSERT INTO course(course_id, section, c_name, c_description)
	VALUES('ITSE1345', 001, 'Intro to DB Prog.', 'Second Database Course');
INSERT INTO course(course_id, section, c_name, c_description)
	VALUES('ENGL2617', 002, 'English Literature', 'Second English Course');
INSERT INTO course(course_id, section, c_name, c_description)
	VALUES('MATH1101', 001, 'Calculus II', 'Second Math Course');
INSERT INTO course(course_id, section, c_name, c_description)
	VALUES('ENGL1001', 001, 'American Literature', 'First English Course');
INSERT INTO course(course_id, section, c_name, c_description)
	VALUES('MATH1011', 001, 'Trig. & Algebra', 'First Math Course');
INSERT INTO course(course_id, section, c_name, c_description)
	VALUES('GEOG1010', 001, 'Texas Geography', 'First Geography Course');

COMMIT;

END;

PL/SQL procedure successfully completed.

-- Turn this setting back on only needed for input in course table, best practice
SET DEFINE ON	
COLUMN stu_id HEADING 'Stu_ID' FORMAT A6
COLUMN lname HEADING 'LName' FORMAT A10
COLUMN fname HEADING 'FName' FORMAT A10
COLUMN mi HEADING 'Mi' FORMAT A3
COLUMN sex HEADING 'Sex' FORMAT A4
COLUMN major HEADING 'Major' FORMAT A10
COLUMN home_state HEADING 'Home_State' FORMAT A10
COLUMN course_id HEADING 'Course_ID'
COLUMN section HEADING 'Section#' FORMAT 009
COLUMN c_name HEADING 'Course_Name' FORMAT A20
COLUMN c_description HEADING 'Course_Description' FORMAT A25

DESCRIBE student;
SELECT * FROM student;

DESCRIBE course;
SELECT * FROM course;

DESCRIBE student_course;
SELECT * FROM student_course;


Name       Null?    Type         
---------- -------- ------------ 
STU_ID     NOT NULL NUMBER(5)    
LNAME               VARCHAR2(20) 
FNAME               VARCHAR2(20) 
MI                  CHAR(1)      
SEX                 CHAR(1)      
MAJOR               VARCHAR2(30) 
HOME_STATE          CHAR(2)      

Stu_ID LName      FName      Mi  Sex  Major      Home_State
------ ---------- ---------- --- ---- ---------- ----------
 10011 Smith      Peter      M   M    Math       TX        
 10012 Jones      Sam        A   M    English    TX        
 10013 Peters     Amy        A   F    English    ME        
 10014 Johnson    John       J   M    CompSci    CA        
 10015 Penders    Alton      P   F    Math       GA        
 10016 Allen      Diane      J   F    Geography  MN        
 10017 Gill       Jennifer       F    CompSci    TX        
 10018 Johns      Roberta        F    CompSci    TX        
 10019 Wier       Paul           M    Math       AL        
 10020 Evans      Richard        M    English    TX         

10 rows selected. 

Name          Null? Type         
------------- ----- ------------ 
COURSE_ID           VARCHAR2(10) 
SECTION             NUMBER(3)    
C_NAME              VARCHAR2(30) 
C_DESCRIPTION       VARCHAR2(30) 

Course_ID  Section# Course_Name          Course_Description       
---------- -------- -------------------- -------------------------
COSC1300        001 Intro to Comp.       First Computer Course    
ITSE2309        001 Intro to DBA         Database Course          
GEOG1791        002 World Geography      Second Geography Course  
COSC1315        001 Intro to Prog.       Second Computer Course   
ITSE1345        001 Intro to DB Prog.    Second Database Course   
ENGL2617        002 English Literature   Second English Course    
MATH1101        001 Calculus II          Second Math Course       
ENGL1001        001 American Literature  First English Course     
MATH1011        001 Trig. & Algebra      First Math Course        
GEOG1010        001 Texas Geography      First Geography Course        

10 rows selected.

Name      Null? Type         
--------- ----- ------------ 
STU_ID          NUMBER(5)    
COURSE_ID       VARCHAR2(10) 
SECTION         NUMBER(3)      

Stu_ID Course_ID  Section#
------ ---------- --------
 10011 MATH1101        001
 10012 ENGL2617        002
 10013 ENGL1001        001
 10013 ENGL2617        002
 10013 GEOG1010        001
 10014 COSC1315        001
 10015 MATH1101        001
 10016 GEOG1010        001
 10016 GEOG1791        002
 10017 COSC1315        001
 10017 ITSE2309        001

Stu_ID Course_ID  Section#
------ ---------- --------
 10018 COSC1315        001
 10019 ITSE2309        001
 10020 ENGL2617        002

14 rows selected. 

-----------------------------------------------------------------------------
/*
Problem 3:
Create an Anonymous block that counts the number of courses a student is 
signed up for in the Course/Student composite table. Use the tables you 
created in #2 above.
*/

DECLARE
  l_stu_id number(5);
  num_courses number(2);
  
BEGIN
  DBMS_OUTPUT.PUT_LINE('Student ID    # of courses');
  DBMS_OUTPUT.PUT_LINE('--------------------------');
  FOR i in 10011..10020 loop
    SELECT DISTINCT stu_id, count(course_id)
      INTO l_stu_id, num_courses
    FROM student_course
    WHERE stu_id = i
    GROUP by stu_id;
    DBMS_OUTPUT.PUT_LINE(l_stu_id || '          ' || num_courses);
  END LOOP;
END;

PL/SQL procedure successfully completed.

Student ID    # of courses
--------------------------
10011          1
10012          1
10013          3
10014          1
10015          1
10016          2
10017          2
10018          1
10019          1
10020          1

-----------------------------------------------------------------------------
/*
Problem 4:
Create an Anonymous block that counts the number of students enrolled in 
the Student table. Use DBMS Output Putline to send out a message stating 
the number of students found. 
*/

DECLARE
  lv_total_students NUMBER(2);

BEGIN
  DBMS_OUTPUT.PUT_LINE('Number of students');
  DBMS_OUTPUT.PUT_LINE('------------------');
  SELECT COUNT (stu_id)
    INTO lv_total_students
    FROM student;
  DBMS_OUTPUT.PUT_LINE(lv_total_students || ' students found enrolled.');
END;

PL/SQL procedure successfully completed.

Number of students
------------------
10 students found enrolled.

-----------------------------------------------------------------------------
/*
Problem 5:
Create an Anonymous block that determines the number of courses in the 
StudentCourse table and (using the IF statement) if the number is greater 
than 10 sends out a message (using DBMS Output Putline) stating that 
“more than 10 courses have been established”. If the number is less than 
10 send out a message stating “less than 10 courses established”. 
*/

DECLARE
  lv_num_courses number(2);
  
BEGIN
  DBMS_OUTPUT.PUT_LINE('Number of courses');
  DBMS_OUTPUT.PUT_LINE('-----------------');
  SELECT COUNT (DISTINCT course_id)
    INTO lv_num_courses
    FROM student_course;
  IF lv_num_courses > 10 THEN
    DBMS_OUTPUT.PUT_LINE('more than 10 courses have been established');
  ELSIF lv_num_courses < 10 THEN
    DBMS_OUTPUT.PUT_LINE('less than 10 courses established');
  ELSE
    DBMS_OUTPUT.PUT_LINE(lv_num_courses || 'courses have been established');
  END IF;
END;

PL/SQL procedure successfully completed.

Number of courses
-----------------
less than 10 courses established

-----------------------------------------------------------------------------
/*
Problem 6:
Create an Anonymous block that tests each student entry in the student table 
to see if the student is an instate student. Print out, 
(using the DBMS Output Putline) a line stating that each student is or is 
not an instate student and a count of the students in and out of state at 
the end of the program.
*/ 

DECLARE
    lv_instate NUMBER(2) := 0;
    lv_outstate NUMBER(2) := 0;
    TYPE type_student IS TABLE OF student%ROWTYPE;
    tbl_student type_student;
BEGIN
    SELECT * BULK COLLECT INTO tbl_student FROM student;
    DBMS_OUTPUT.PUT_LINE('Stu_ID   Instate?');
    DBMS_OUTPUT.PUT_LINE('-----------------');
    FOR i IN 1..tbl_student.COUNT LOOP
        IF (tbl_student(i).home_state = 'TX') THEN
            lv_instate := lv_instate + 1;
            DBMS_OUTPUT.PUT_LINE(tbl_student(i).stu_id || '    Yes');
        ELSE
            lv_outstate := lv_outstate + 1;
            DBMS_OUTPUT.PUT_LINE(tbl_student(i).stu_id || '    No');
        END IF;
    END LOOP;
    DBMS_OUTPUT.PUT_LINE('');
    DBMS_OUTPUT.PUT_LINE('Instate: ' || lv_instate);
    DBMS_OUTPUT.PUT_LINE('Out of State: ' || lv_outstate);
END;

PL/SQL procedure successfully completed.

Stu_ID   Instate?
-----------------
10011    Yes
10012    Yes
10013    No
10014    No
10015    No
10016    No
10017    Yes
10018    Yes
10019    No
10020    Yes

Instate: 5
Out of State: 5

-----------------------------------------------------------------------------
/*
Problem 7:
Create an Anonymous block that takes the information provided by Named 
Parameters, & Variable_Name, to determine if a student is registered in the 
specified course from the student/course table created above. Use the DBMS 
Output Putline to send a message indicating if the student specified is in 
the course specified.
*/

DECLARE
    lv_stu_id student_course.stu_id%TYPE := 10012;
    lv_course_id student_course.course_id%TYPE := 'COSC1315';
    lv_flag_exists NUMBER(1) := 0;
BEGIN
    SELECT COUNT(*) INTO lv_flag_exists FROM student_course
        WHERE stu_id = lv_stu_id
        AND course_id = lv_course_id;
    IF (lv_flag_exists = 0) THEN
        DBMS_OUTPUT.PUT_LINE('Student ID#: ' || lv_stu_id || ' is not enrolled in ' || lv_course_id || '.');
    ELSE
        DBMS_OUTPUT.PUT_LINE('Student ID#: ' || lv_stu_id || ' is enrolled in ' || lv_course_id || '.');
    END IF;
END;

PL/SQL procedure successfully completed.

Student ID#: 10012 is not enrolled in COSC1315.



(Verify and change stu_id to 10014, COSC1315):
DECLARE
    lv_stu_id student_course.stu_id%TYPE := 10014;
    lv_course_id student_course.course_id%TYPE := 'COSC1315';
    lv_flag_exists NUMBER(1) := 0;

Student ID#: 10014 is enrolled in COSC1315.

-----------------------------------------------------------------------------
/*
Problem 8:
Create an Anonymous block that uses the: 
1) “If”  construct to test if each student is male or female and
2) The “Case” Construct to determine if the major is a Math, English, 
Comp Sci, or Geography major. 
*/

DECLARE
    TYPE type_student IS TABLE OF student%ROWTYPE;
    tbl_student type_student;
    lv_sex VARCHAR2(10);
    lv_cnt_male NUMBER(2) := 0;
    lv_cnt_female NUMBER(2) := 0;
    lv_major VARCHAR2(30);
    lv_cnt_math NUMBER(2) := 0;
    lv_cnt_english NUMBER(2) := 0;
    lv_cnt_compsci NUMBER(2) := 0;
    lv_cnt_geog NUMBER(2) := 0;
BEGIN
    SELECT * BULK COLLECT INTO tbl_student FROM student;
    DBMS_OUTPUT.PUT_LINE('StuID#      Sex      Major');
    DBMS_OUTPUT.PUT_LINE('-------------------------------------');
    FOR i IN 1..tbl_student.COUNT LOOP
        IF (tbl_student(i).sex = 'M') THEN
            lv_sex := 'Male  ';
            lv_cnt_male := lv_cnt_male + 1;
        ELSIF (tbl_student(i).sex = 'F') THEN
            lv_sex := 'Female';
            lv_cnt_female := lv_cnt_female + 1;
        ELSE
            lv_sex := '      ';
        END IF;
        CASE
            WHEN tbl_student(i).major = 'Math' THEN
                lv_major := 'Mathematics';
                lv_cnt_math := lv_cnt_math + 1;
            WHEN tbl_student(i).major = 'English' THEN
                lv_major := 'English';
                lv_cnt_english := lv_cnt_english + 1;
            WHEN tbl_student(i).major = 'CompSci' THEN
                lv_major := 'Computer Science';
                lv_cnt_compsci := lv_cnt_compsci + 1;
            WHEN tbl_student(i).major = 'Geography' THEN
                lv_major := 'Geography';
                lv_cnt_geog := lv_cnt_geog + 1;
        END CASE;
        DBMS_OUTPUT.PUT_LINE(tbl_student(i).stu_id || '       ' || lv_sex || '   ' || lv_major);
    END LOOP;
    DBMS_OUTPUT.PUT_LINE('');
    DBMS_OUTPUT.PUT_LINE('Number of Males: ' || lv_cnt_male);
    DBMS_OUTPUT.PUT_LINE('Number of Females: ' || lv_cnt_female);
    DBMS_OUTPUT.PUT_LINE('Number of Math majors: ' || lv_cnt_math);
    DBMS_OUTPUT.PUT_LINE('Number of English majors: ' || lv_cnt_english);
    DBMS_OUTPUT.PUT_LINE('Number of Computer Science majors: ' || lv_cnt_compsci);
    DBMS_OUTPUT.PUT_LINE('Number of Geography majors: ' || lv_cnt_geog);
END;

PL/SQL procedure successfully completed.

StuID#      Sex      Major
-------------------------------------
10011       Male     Mathematics
10012       Male     English
10013       Female   English
10014       Male     Computer Science
10015       Female   Mathematics
10016       Female   Geography
10017       Female   Computer Science
10018       Female   Computer Science
10019       Male     Mathematics
10020       Male     English

Number of Males: 5
Number of Females: 5
Number of Math majors: 3
Number of English majors: 3
Number of Computer Science majors: 3
Number of Geography majors: 1

-----------------------------------------------------------------------------
/*
Problem 9:
Create an Anonymous block that performs the same activity as in #8 above 
using the  "IF" construct in place of the Case Construct.
*/

DECLARE
    TYPE type_student IS TABLE OF student%ROWTYPE;
    tbl_student type_student;
    lv_sex VARCHAR2(10);
    lv_cnt_male NUMBER(2) := 0;
    lv_cnt_female NUMBER(2) := 0;
    lv_major VARCHAR2(30);
    lv_cnt_math NUMBER(2) := 0;
    lv_cnt_english NUMBER(2) := 0;
    lv_cnt_compsci NUMBER(2) := 0;
    lv_cnt_geog NUMBER(2) := 0;
BEGIN
    SELECT * BULK COLLECT INTO tbl_student FROM student;
    DBMS_OUTPUT.PUT_LINE('StuID#      Sex      Major');
    DBMS_OUTPUT.PUT_LINE('--------------------------');
    FOR i IN 1..tbl_student.COUNT LOOP
        IF (tbl_student(i).sex = 'M') THEN
            lv_sex := 'Male  ';
            lv_cnt_male := lv_cnt_male + 1;
        ELSIF (tbl_student(i).sex = 'F') THEN
            lv_sex := 'Female';
            lv_cnt_female := lv_cnt_female + 1;
        ELSE
            lv_sex := '      ';
        END IF;
        IF tbl_student(i).major = 'Math' THEN
            lv_major := 'Mathematics';
            lv_cnt_math := lv_cnt_math + 1;
        ELSIF tbl_student(i).major = 'English' THEN
            lv_major := 'English';
            lv_cnt_english := lv_cnt_english + 1;
        ELSIF tbl_student(i).major = 'CompSci' THEN
            lv_major := 'Computer Science';
            lv_cnt_compsci := lv_cnt_compsci + 1;
        ELSIF tbl_student(i).major = 'Geography' THEN
            lv_major := 'Geography';
            lv_cnt_geog := lv_cnt_geog + 1;
        ELSE
            lv_major := '';
        END IF;
        DBMS_OUTPUT.PUT_LINE(tbl_student(i).stu_id || '       ' || lv_sex || '   ' || lv_major);
    END LOOP;
    DBMS_OUTPUT.PUT_LINE('');
    DBMS_OUTPUT.PUT_LINE('Number of Males: ' || lv_cnt_male);
    DBMS_OUTPUT.PUT_LINE('Number of Females: ' || lv_cnt_female);
    DBMS_OUTPUT.PUT_LINE('Number of Math majors: ' || lv_cnt_math);
    DBMS_OUTPUT.PUT_LINE('Number of English majors: ' || lv_cnt_english);
    DBMS_OUTPUT.PUT_LINE('Number of Computer Science majors: ' || lv_cnt_compsci);
    DBMS_OUTPUT.PUT_LINE('Number of Geography majors: ' || lv_cnt_geog);
END;

PL/SQL procedure successfully completed.

StuID#      Sex      Major
--------------------------
10011       Male     Mathematics
10012       Male     English
10013       Female   English
10014       Male     Computer Science
10015       Female   Mathematics
10016       Female   Geography
10017       Female   Computer Science
10018       Female   Computer Science
10019       Male     Mathematics
10020       Male     English

Number of Males: 5
Number of Females: 5
Number of Math majors: 3
Number of English majors: 3
Number of Computer Science majors: 3
Number of Geography majors: 1

-----------------------------------------------------------------------------
/*
Problem 10:
Create an Anonymous block that Inserts rows of data from the student table 
into a temporary table and uses a loop with a counter to know when to exit. 
Set the counter equal to the Count of the rows in the student table so it 
will know when to end processing. 
*/

BEGIN
EXECUTE IMMEDIATE
'CREATE TABLE temp_table(
	stu_id NUMBER(5) PRIMARY KEY,
	lname VARCHAR2(20),
	fname VARCHAR2(20),
	mi CHAR(1),
	sex CHAR(1),
	major VARCHAR2(30),
	home_state CHAR(2)
)';

END;

PL/SQL procedure successfully completed.


DECLARE 
    TYPE type_student IS TABLE OF student%ROWTYPE
        INDEX BY PLS_INTEGER;
    tbl_student type_student;
    lv_counter NUMBER(2) := 1;
    lv_end_cnt NUMBER(2) := 0;
    rec_temp_table temp_table%ROWTYPE;
BEGIN
    SELECT * BULK COLLECT INTO tbl_student FROM student;
    SELECT COUNT(*) INTO lv_end_cnt FROM student;
    DBMS_OUTPUT.PUT_LINE('Count of rows in the student table: ' || lv_end_cnt);
    DBMS_OUTPUT.PUT_LINE('');
    WHILE lv_counter <= lv_end_cnt LOOP
        DBMS_OUTPUT.PUT_LINE('Inserting row #' || lv_counter || ':');
        INSERT INTO temp_table
            VALUES(tbl_student(lv_counter).stu_id, 
                tbl_student(lv_counter).lname, 
                tbl_student(lv_counter).fname, 
                tbl_student(lv_counter).mi, 
                tbl_student(lv_counter).sex, 
                tbl_student(lv_counter).major, 
                tbl_student(lv_counter).home_state);
        SELECT * INTO rec_temp_table
            FROM temp_table
            WHERE stu_id = tbl_student(lv_counter).stu_id;
        DBMS_OUTPUT.PUT_LINE(rec_temp_table.stu_id || ', ' ||
            rec_temp_table.lname || ', ' ||
            rec_temp_table.fname || ', ' ||
            rec_temp_table.mi || ', ' ||
            rec_temp_table.sex || ', ' ||
            rec_temp_table.major || ', ' ||
            rec_temp_table.home_state
            );
        lv_counter := lv_counter + 1;
        DBMS_OUTPUT.PUT_LINE('');
    END LOOP;
END;

PL/SQL procedure successfully completed.

Count of rows in the student table: 10

Inserting row #1:
10011, Smith, Peter, M, M, Math, TX

Inserting row #2:
10012, Jones, Sam, A, M, English, TX

Inserting row #3:
10013, Peters, Amy, A, F, English, ME

Inserting row #4:
10014, Johnson, John, J, M, CompSci, CA

Inserting row #5:
10015, Penders, Alton, P, F, Math, GA

Inserting row #6:
10016, Allen, Diane, J, F, Geography, MN

Inserting row #7:
10017, Gill, Jennifer, , F, CompSci, TX

Inserting row #8:
10018, Johns, Roberta, , F, CompSci, TX

Inserting row #9:
10019, Wier, Paul, , M, Math, AL

Inserting row #10:
10020, Evans, Richard, , M, English, TX


DESCRIBE temp_table;
SELECT * FROM temp_table;

Name       Null?    Type         
---------- -------- ------------ 
STU_ID     NOT NULL NUMBER(5)    
LNAME               VARCHAR2(20) 
FNAME               VARCHAR2(20) 
MI                  CHAR(1)      
SEX                 CHAR(1)      
MAJOR               VARCHAR2(30) 
HOME_STATE          CHAR(2)      

Stu_ID LName      FName      Mi  Sex  Major      Home_State
------ ---------- ---------- --- ---- ---------- ----------
 10011 Smith      Peter      M   M    Math       TX        
 10012 Jones      Sam        A   M    English    TX        
 10013 Peters     Amy        A   F    English    ME        
 10014 Johnson    John       J   M    CompSci    CA        
 10015 Penders    Alton      P   F    Math       GA        
 10016 Allen      Diane      J   F    Geography  MN        
 10017 Gill       Jennifer       F    CompSci    TX        
 10018 Johns      Roberta        F    CompSci    TX        
 10019 Wier       Paul           M    Math       AL        
 10020 Evans      Richard        M    English    TX        

10 rows selected. 

